accuracy,precision,recall,f1_score
0.7590029110574419,0.7785147967611908,0.7590029110574419,0.7385137346899433